[
    {
        "id": "6817b1234abcd",
        "titulo": "Revisar relat\u00f3rio financeiro",
        "descricao": "Revisar o relat\u00f3rio financeiro do \u00faltimo trimestre.",
        "prioridade": "media",
        "data_criacao": "2025-05-04 18:00:00",
        "data_limite": "2025-05-10",
        "responsavel_id": "2",
        "responsavel_nome": "Nathan",
        "criador_id": 1,
        "criador_nome": "Luiz",
        "status": "concluida",
        "concluida": true,
        "data_conclusao": "2025-05-04 18:02:11",
        "concluido_por": 2
    },
    {
        "id": "6817b5678efgh",
        "titulo": "Planejar reuni\u00e3o de equipe",
        "descricao": "Organizar a reuni\u00e3o semanal da equipe e preparar a pauta.",
        "prioridade": "alta",
        "data_criacao": "2025-05-04 18:05:00",
        "data_limite": "2025-05-08",
        "responsavel_id": "3",
        "responsavel_nome": "Willian",
        "criador_id": 2,
        "criador_nome": "Nathan",
        "status": "pendente",
        "concluida": false
    },
    {
        "id": "6817b9101ijkl",
        "titulo": "Atualizar sistema interno",
        "descricao": "Realizar a atualiza\u00e7\u00e3o do sistema interno para a vers\u00e3o mais recente.",
        "prioridade": "alta",
        "data_criacao": "2025-05-04 18:10:00",
        "data_limite": "2025-05-15",
        "responsavel_id": "1",
        "responsavel_nome": "Luiz",
        "criador_id": 3,
        "criador_nome": "Willian",
        "status": "andamento",
        "concluida": false
    },
    {
        "id": "6817b3456mnop",
        "titulo": "Criar apresenta\u00e7\u00e3o para clientes",
        "descricao": "Desenvolver uma apresenta\u00e7\u00e3o para os novos clientes da empresa.",
        "prioridade": "media",
        "data_criacao": "2025-05-04 18:15:00",
        "data_limite": "2025-05-12",
        "responsavel_id": "2",
        "responsavel_nome": "Nathan",
        "criador_id": 3,
        "criador_nome": "Willian",
        "status": "pendente",
        "concluida": false
    },
    {
        "id": "6817b7890qrst",
        "titulo": "Realizar treinamento de novos funcion\u00e1rios",
        "descricao": "Preparar e ministrar o treinamento para os novos funcion\u00e1rios.",
        "prioridade": "alta",
        "data_criacao": "2025-05-04 18:20:00",
        "data_limite": "2025-05-18",
        "responsavel_id": "3",
        "responsavel_nome": "Willian",
        "criador_id": 1,
        "criador_nome": "Luiz",
        "status": "concluida",
        "concluida": true,
        "data_conclusao": "2025-05-04 18:02:33",
        "concluido_por": 2
    }
]